model,val_rmse,val_mae,val_r2,time_s
ridge,161201.39561403127,120078.16679698609,0.5145913392940086,0.011968135833740234
lasso,161202.77197785437,120081.56822902187,0.5145830502618989,1.3371682167053223
elasticnet,161476.77360350534,119817.43315448287,0.5129314897059993,0.20645809173583984
rf,157829.5824864091,116811.21629797084,0.5346853337676549,6.90167498588562
gbm,156046.73582235802,115516.30952915322,0.5451383703064125,47.99053430557251
xgb,156003.1467634114,115507.0568113068,0.5453924508690706,0.3492600917816162
lgbm,155769.97873862216,115354.41936107307,0.5467503815362457,0.8090710639953613
